{"initial_reset_timestamp": 1721673781.1114428, "timestamps": [1721673787.0275118, 1721673792.703952, 1721673797.3298438, 1721673802.0339558, 1721673806.808162, 1721673811.6108463, 1721673816.5248072, 1721673821.5356874, 1721673828.0759203, 1721673833.5508177, 1721673838.7593303, 1721673844.2480502, 1721673849.7868385, 1721673855.458398, 1721673861.0252576, 1721673866.7958372, 1721673873.0109637, 1721673878.811816, 1721673885.0021293, 1721673891.2581248, 1721673897.7373366, 1721673904.282017, 1721673911.1380496, 1721673918.053763, 1721673925.3518615, 1721673932.9331431, 1721673940.80276, 1721673951.339961, 1721673959.9148166, 1721673968.5165634, 1721673977.6521056, 1721673986.7864351, 1721673996.7138839, 1721674006.224269, 1721674015.7244418, 1721674025.7942524, 1721674036.5177794, 1721674047.0552847, 1721674058.411976, 1721674070.2545228, 1721674081.545787, 1721674093.5422015, 1721674105.6299484], "episode_lengths": [2375, 2352, 2388, 2388, 2367, 2369, 2376, 2405, 2386, 2376, 2397, 2373, 2372, 2389, 2386, 2385, 2362, 2367, 2397, 2378, 2372, 2388, 2388, 2378, 2364, 2385, 2385, 2382, 2366, 2388, 2367, 2374, 2405, 2379, 2349, 2367, 2409, 2376, 2369, 2370, 2374, 2353, 2401], "episode_rewards": [9.0, 5.0, 2.0, 6.0, -3.0, -3.0, 15.0, -2.0, 2.0, 6.0, -2.0, 3.0, 3.0, 0.0, -3.0, 7.0, 3.0, 2.0, -4.0, 0.0, 1.0, 0.0, 10.0, 10.0, 4.0, -1.0, 3.0, 6.0, 3.0, 5.0, 3.0, 0.0, 0.0, -1.0, 2.0, 4.0, -3.0, 1.0, -3.0, 3.0, 2.0, -5.0, 0.0], "episode_types": ["t", "t", "t", "t", "t", "t", "t", "t", "t", "t", "t", "t", "t", "t", "t", "t", "t", "t", "t", "t", "t", "t", "t", "t", "t", "t", "t", "t", "t", "t", "t", "t", "t", "t", "t", "t", "t", "t", "t", "t", "t", "t", "t"]}