{"initial_reset_timestamp": 1721752980.68689, "timestamps": [1721752980.8981738, 1721752981.3591888, 1721752981.7134306, 1721752981.9915302, 1721752982.1812167, 1721752982.7870681, 1721752983.1350026, 1721752983.462081, 1721752983.620405, 1721752983.7400556, 1721752985.2864811, 1721752985.6659994, 1721752986.020003, 1721752986.1278694, 1721752986.2621772, 1721752986.6535788, 1721752987.0613773, 1721752987.849467, 1721752988.8744621, 1721752989.1549792, 1721752989.2582357, 1721752989.6401727, 1721752989.7460623, 1721752990.007128, 1721752990.6800983, 1721752990.7910545, 1721752990.8902533, 1721752991.4077642, 1721752991.5455737, 1721752991.6402729, 1721752991.7600935, 1721752992.3320107, 1721752992.9637218, 1721752993.1736343, 1721752995.3860624, 1721752995.6140635, 1721752995.6925235, 1721752996.0322068, 1721752996.352079, 1721752996.442008, 1721752997.0926533, 1721752997.4355154, 1721752997.9892159, 1721752998.1503038, 1721752998.2912238, 1721752998.840293, 1721753000.7841837, 1721753000.9770594, 1721753001.1910722, 1721753001.386948, 1721753001.5572562, 1721753001.8126333, 1721753002.3570645, 1721753002.7673538, 1721753003.6552112, 1721753005.9137752, 1721753005.9733522, 1721753006.083062, 1721753006.2787018, 1721753006.4310715, 1721753006.801124, 1721753007.1662223, 1721753007.6231537, 1721753008.0264068, 1721753008.271253, 1721753008.8933127, 1721753009.3850055, 1721753010.224593, 1721753010.4663618, 1721753012.7009964, 1721753012.9320722, 1721753013.7089055, 1721753013.9680645, 1721753014.346155, 1721753014.7741315, 1721753016.5962121, 1721753016.9541888, 1721753017.26224, 1721753017.5482388, 1721753018.1056044, 1721753018.4022052, 1721753018.6831794, 1721753018.9077463, 1721753019.1576886, 1721753019.4252036, 1721753019.8460073, 1721753020.7390797, 1721753021.066217, 1721753021.3121235, 1721753022.6940353, 1721753025.8411267, 1721753026.657005, 1721753027.2565763, 1721753027.9040067, 1721753029.1511796, 1721753029.7860136, 1721753030.0331235, 1721753031.7500074, 1721753032.328319, 1721753032.5910347, 1721753034.0000536, 1721753035.4937682, 1721753036.1024697, 1721753036.7913687, 1721753037.0522933, 1721753038.6317892, 1721753039.8498309, 1721753040.1957886, 1721753040.6422045, 1721753041.172697, 1721753041.5289237, 1721753042.654852, 1721753043.0506473, 1721753043.6115952, 1721753046.344923, 1721753046.6997828, 1721753047.937605, 1721753048.5966284, 1721753049.2796807, 1721753050.0118082, 1721753050.5526018, 1721753051.6719148, 1721753052.4876761, 1721753053.734622, 1721753054.0119803, 1721753054.501076, 1721753055.345984, 1721753055.9084694, 1721753057.0025778, 1721753057.9675767, 1721753059.6214948, 1721753059.8935883, 1721753060.4564805, 1721753060.7959633, 1721753061.1725843, 1721753061.6755857, 1721753061.9708247, 1721753062.5035946, 1721753063.1232083, 1721753063.5346053, 1721753063.8949113, 1721753065.1796052, 1721753065.731721, 1721753066.4044728, 1721753067.4334052, 1721753067.794947, 1721753069.1809175, 1721753070.290629, 1721753071.3678026, 1721753073.3758605, 1721753073.6606514, 1721753074.0235856, 1721753074.6876478, 1721753075.5778441, 1721753076.2475684, 1721753076.541191, 1721753076.7600906, 1721753077.25272, 1721753077.7857, 1721753078.5974894, 1721753078.8455734, 1721753079.1496427, 1721753079.47224, 1721753079.7375917, 1721753080.0020895, 1721753080.4464972, 1721753081.752477, 1721753082.3104727, 1721753083.1416194, 1721753083.5217636, 1721753083.9335895, 1721753084.6262999, 1721753085.0615854, 1721753086.583628, 1721753087.0996242, 1721753088.9787989, 1721753089.5039105, 1721753090.1796305, 1721753090.9980662, 1721753093.1334693, 1721753093.7259507, 1721753094.2648678, 1721753095.1867187, 1721753096.3876035, 1721753096.6346583, 1721753097.4927847, 1721753097.9230006, 1721753098.2047675, 1721753098.825078, 1721753099.1316617, 1721753099.6086009, 1721753101.614476, 1721753102.2154834, 1721753103.2086933, 1721753103.6488125, 1721753105.006581, 1721753105.3008823, 1721753105.8124645, 1721753106.262825, 1721753106.7482333, 1721753107.0286925, 1721753107.4284782, 1721753107.757483, 1721753108.6364737, 1721753109.0043218, 1721753109.4458714, 1721753111.894604, 1721753112.699127, 1721753113.279561, 1721753114.1325183, 1721753114.7979572, 1721753115.979061, 1721753116.3018386, 1721753116.6105926, 1721753116.9796314, 1721753119.4545443, 1721753119.7898982, 1721753120.1657019, 1721753120.9606438, 1721753121.25865, 1721753121.565484, 1721753122.028768, 1721753122.4737513, 1721753122.9928875, 1721753123.8537655, 1721753124.7185946, 1721753126.8495827, 1721753127.1478186, 1721753128.637478, 1721753128.9446867, 1721753129.5132322, 1721753131.2214806, 1721753131.5104349, 1721753131.8452265, 1721753136.1282692, 1721753136.5085943, 1721753137.5529473, 1721753138.4866729, 1721753138.7471774, 1721753140.0379593, 1721753140.4297204, 1721753140.9145858, 1721753144.3821247, 1721753144.8284242, 1721753145.120801, 1721753145.7337985, 1721753146.072716, 1721753146.4100778, 1721753146.6365821, 1721753147.3902822, 1721753148.5760024, 1721753148.9547853, 1721753149.2380807, 1721753150.048676, 1721753152.0488684, 1721753153.8586023, 1721753154.1484864, 1721753154.6946642, 1721753155.1704862, 1721753156.0065472, 1721753156.8230212, 1721753157.2356212, 1721753158.004825, 1721753158.5704455, 1721753159.0326543, 1721753159.3926442, 1721753159.8001456, 1721753160.5776243, 1721753160.8377838, 1721753161.473595, 1721753163.3044744, 1721753163.6173465, 1721753164.2539637, 1721753164.6493082, 1721753166.7231343, 1721753167.6594942, 1721753168.695589, 1721753169.441013, 1721753169.7656174, 1721753170.0945828, 1721753170.585104, 1721753171.0906625, 1721753171.4276834, 1721753172.3217049, 1721753173.308851, 1721753173.8677983, 1721753174.286597, 1721753174.7086236, 1721753174.9636014, 1721753175.720479, 1721753176.635719, 1721753177.0751019, 1721753177.308749, 1721753177.6476102, 1721753178.4164138, 1721753179.128829], "episode_lengths": [100, 284, 250, 230, 157, 524, 299, 277, 89, 92, 1281, 326, 294, 87, 110, 332, 351, 665, 853, 231, 78, 284, 85, 213, 536, 86, 80, 364, 88, 79, 101, 440, 485, 182, 1737, 182, 61, 284, 251, 72, 512, 293, 433, 104, 81, 378, 1563, 139, 145, 148, 119, 143, 411, 319, 697, 1651, 38, 79, 146, 121, 123, 187, 242, 141, 39, 348, 261, 554, 77, 1563, 64, 514, 95, 197, 206, 1227, 110, 105, 92, 298, 96, 111, 70, 92, 97, 206, 389, 90, 55, 967, 693, 443, 337, 370, 837, 367, 53, 1084, 331, 82, 425, 984, 174, 265, 43, 313, 777, 158, 214, 110, 107, 375, 111, 186, 1902, 136, 737, 354, 375, 422, 260, 598, 423, 751, 90, 185, 444, 261, 675, 534, 1102, 67, 279, 129, 153, 219, 98, 255, 331, 113, 98, 752, 266, 364, 620, 128, 871, 692, 683, 1284, 71, 107, 335, 417, 397, 108, 35, 242, 270, 489, 57, 122, 115, 85, 85, 208, 652, 123, 392, 162, 60, 246, 93, 311, 137, 963, 34, 198, 364, 1022, 124, 258, 484, 607, 59, 65, 162, 74, 320, 84, 209, 1296, 271, 542, 168, 873, 88, 183, 67, 126, 88, 152, 113, 489, 127, 178, 1518, 419, 289, 469, 334, 696, 90, 86, 124, 1513, 49, 89, 421, 103, 104, 186, 177, 260, 419, 284, 1307, 92, 891, 91, 268, 909, 41, 87, 2293, 125, 569, 480, 62, 560, 44, 181, 2016, 175, 60, 208, 101, 93, 34, 346, 571, 95, 55, 381, 658, 811, 60, 215, 182, 389, 357, 91, 353, 211, 156, 97, 121, 341, 43, 266, 664, 64, 245, 130, 1046, 434, 414, 305, 84, 92, 155, 132, 69, 370, 357, 210, 148, 151, 42, 301, 363, 150, 38, 78, 339, 307],